current,query,next,video_id,sequence_id
Q1,頭が痛い,Q2,103,0
Q1,頭が痛む,Q2,103,0
Q1,頭痛がする,Q2,103,0
Q1,こめかみが痛い,Q2,103,0
Q1,後頭部が痛い,Q2,103,0
Q1,頭部が痛い,Q2,103,0
Q1,頭がズキズキする,Q2,103,0
Q1,こめかみがズキズキする,Q2,103,0
Q1,頭に違和感がある,Q2,103,0
Q1,頭がいてえ,Q2,103,0
Q1,こめかみがいてえ,Q2,103,0
Q1,お腹が痛い,Q9,21,0
Q1,腹が痛い,Q9,21,0
Q1,腹痛がする,Q9,21,0
Q1,はらが痛い,Q9,21,0
Q1,腹部が痛い,Q9,21,0
Q1,横っ腹が痛い,Q9,21,0
Q1,胃が痛い,Q9,21,0
Q1,へその辺りが痛い,Q9,21,0
Q1,みぞおちが痛む,Q9,21,0
Q1,お腹がいてえ,Q9,21,0
Q1,はらがいてえ,Q9,21,0
Q1,お腹に違和感がある,Q9,21,0
Q1,お腹が腫れている,Q9,21,0
Q1,胸が痛い,Q18,42,0
Q1,心臓が痛い,Q18,42,0
Q1,胸部が痛い,Q18,42,0
Q1,肺が痛い,Q18,42,0
Q1,心臓が締め付けられる,Q18,42,0
Q1,胸に違和感がある,Q18,42,0
Q1,心臓に違和感がある,Q18,42,0
Q1,背中が痛い,Q23,74,0
Q1,後ろが痛い,Q23,74,0
Q1,背中がズキズキする,Q23,74,0
Q1,後ろがズキズキする,Q23,74,0
Q1,背中に痛みがある,Q23,74,0
Q1,後ろに痛みがある,Q23,74,0
Q1,背中に違和感,Q23,74,0
Q1,後ろに違和感,Q23,74,0
Q1,背中が腫れている,Q23,74,0
Q1,後ろが腫れている,Q23,74,0
Q1,呼吸困難,Q27,32,0
Q1,息切れがする,Q27,32,0
Q1,息が苦しい,Q27,32,0
Q1,呼吸がし辛い,Q27,32,0
Q1,ゼーゼーする,Q27,32,0
Q1,息がし辛い,Q27,32,0
Q1,呼吸が難しい,Q27,32,0
Q1,息が難しい,Q27,32,0
Q1,息ができない,Q27,32,0
Q1,苦しい,Q27,32,0
Q1,呼吸ができない,Q27,32,0
Q1,手足が痺れる,Q30,84,0
Q1,手が痺れる,Q30,84,0
Q1,足が痺れる,Q30,84,0
Q1,手が動かない,Q30,84,0
Q1,足が動かない,Q30,84,0
Q1,手が動かん,Q30,84,0
Q1,足が動かん,Q30,84,0
Q1,指が痺れる,Q30,84,0
Q1,手の甲が痛い,Q30,84,0
Q1,指が痛い,Q30,84,0
Q1,足首が痛い,Q30,84,0
Q1,足の裏が痛い,Q30,84,0
Q1,すねが痛い,Q30,84,0
Q1,足の先が痛い,Q30,84,0
Q1,足の裏が痺れる,Q30,84,0
Q1,手がズキズキする,Q30,84,0
Q1,足がズキズキする,Q30,84,0
Q1,手足がズキズキする,Q30,84,0
Q1,手足に違和感がある,Q30,84,0
Q1,咳が出る,Q34,32,0
Q1,ゴホゴホする,Q34,32,0
Q1,痰が出る,Q34,32,0
Q1,咳をする,Q34,32,0
Q1,コンコンする,Q34,32,0
Q1,咳が止まらない,Q34,32,0
Q1,咳が止まらん,Q34,32,0
Q1,胸焼けがする,Q37,68,0
Q1,胃がムカムカする,Q37,68,0
Q2,非常に痛い,Q3,32,0
Q2,めちゃくちゃ痛い,Q3,32,0
Q2,痛い,Q3,32,0
Q2,我慢できない,Q3,32,0
Q2,マックス,Q3,32,0
Q2,耐えられない,Q3,32,0
Q2,痛すぎる,Q3,32,0
Q2,かなり痛い,Q3,32,0
Q2,とても痛い,Q3,32,0
Q2,五番目,Q3,32,0
Q2,四番目,Q3,32,0
Q2,5番目,Q3,32,0
Q2,4番目,Q3,32,0
Q2,5です,Q3,32,0
Q2,4です,Q3,32,0
Q2,5,Q3,32,0
Q2,4,Q3,32,0
Q2,我慢できる程度,Q5,32,0
Q2,そこまで痛くない,Q5,32,0
Q2,我慢はできる,Q5,32,0
Q2,そんなに痛くない,Q5,32,0
Q2,そこそこ痛い,Q5,32,0
Q2,めちゃくちゃ痛いほどではない,Q5,32,0
Q2,耐えられる,Q5,32,0
Q2,どちらかといえば痛い,Q5,32,0
Q2,ちょっと痛い,Q5,32,0
Q2,一番目,Q5,32,0
Q2,二番目,Q5,32,0
Q2,三番目,Q5,32,0
Q2,1番目,Q5,32,0
Q2,2番目,Q5,32,0
Q2,3番目,Q5,32,0
Q2,1です,Q5,32,0
Q2,2です,Q5,32,0
Q2,3です,Q5,32,0
Q2,1,Q5,32,0
Q2,2,Q5,32,0
Q2,3,Q5,32,0
Q2,少しだけ痛い,Q5,32,0
Q3,はい,end,105,0
Q3,そうですね,end,105,0
Q3,うん,end,105,0
Q3,そうですね,end,105,0
Q3,あります,end,105,0
Q3,ありそう,end,105,0
Q3,熱は出てます,end,105,0
Q3,熱はあります,end,105,0
Q3,発熱してます,end,105,0
Q3,熱っぽい,end,105,0
Q3,いいえ,Q4,63,0
Q3,それはないです,Q4,63,0
Q3,それはない,Q4,63,0
Q3,ありません,Q4,63,0
Q3,ないです,Q4,63,0
Q3,なさそう,Q4,63,0
Q3,熱はない,Q4,63,0
Q3,熱は出てない,Q4,63,0
Q3,熱は出ていない,Q4,63,0
Q3,発熱はない,Q4,63,0
Q3,発熱はしていない,Q4,63,0
Q3,大丈夫です,Q4,63,0
Q3,平気です,Q4,63,0
Q3,平熱,Q4,63,0
Q3,平熱です,Q4,63,0
Q4,はい,end,150,0
Q4,そうですね,end,150,0
Q4,うん,end,150,0
Q4,そうです,end,150,0
Q4,ぶつけた,end,150,0
Q4,ぶつけました,end,150,0
Q4,いいえ,end,150,0
Q4,それはないです,end,150,0
Q4,それはない,end,150,0
Q4,ぶつけてない,end,150,0
Q4,いいや,end,150,0
Q4,そんなことはない,end,150,0
Q4,ありません,end,150,0
Q5,はい,end,105,0
Q5,そうですね,end,105,0
Q5,うん,end,105,0
Q5,そうです,end,105,0
Q5,あります,end,105,0
Q5,ありそう,end,105,0
Q5,発熱してます,end,105,0
Q5,熱はあります,end,105,0
Q5,いいえ,Q6,63,0
Q5,それはないです,Q6,63,0
Q5,それはない,Q6,63,0
Q5,ありません,Q6,63,0
Q5,ないです,Q6,63,0
Q5,熱は出てない,Q6,63,0
Q5,発熱はしていない,Q6,63,0
Q5,平熱です,Q6,63,0
Q5,ないと思う,Q6,63,0
Q5,大丈夫です,Q6,63,0
Q5,平気です,Q6,63,0
Q6,はい,end,150,0
Q6,そうですね,end,150,0
Q6,うん,end,150,0
Q6,そうです,end,150,0
Q6,ぶつけた,end,150,0
Q6,ぶつけました,end,150,0
Q6,いいえ,Q7,64,0
Q6,それはないです,Q7,64,0
Q6,それはない,Q7,64,0
Q6,ぶつけてない,Q7,64,0
Q6,いいや,Q7,64,0
Q6,そんなことはない,Q7,64,0
Q6,分からない,Q7,64,0
Q6,分かりません,Q7,64,0
Q6,分からん,Q7,64,0
Q6,覚えてない,Q7,64,0
Q6,記憶にない,Q7,64,0
Q6,ありません,Q7,64,0
Q7,はい,end,107,0
Q7,そうですね,end,107,0
Q7,うん,end,107,0
Q7,そうです,end,107,0
Q7,あります,end,107,0
Q7,言われたことあります,end,107,0
Q7,言われました,end,107,0
Q7,ありました,end,107,0
Q7,診断されました,end,107,0
Q7,診断されたことがある,end,107,0
Q7,いいえ,Q8,65,0
Q7,それはない,Q8,65,0
Q7,ないです,Q8,65,0
Q7,ない,Q8,65,0
Q7,ありません,Q8,65,0
Q7,言われたことないです,Q8,65,0
Q7,言われたことない,Q8,65,0
Q7,診断されたことないです,Q8,65,0
Q7,診断されてません,Q8,65,0
Q7,記憶にない,Q8,65,0
Q8,はい,end,150,0
Q8,そうですね,end,150,0
Q8,うん,end,150,0
Q8,そうです,end,150,0
Q8,ひどいです,end,150,0
Q8,酷いです,end,150,0
Q8,結構凝ってます,end,150,0
Q8,かなり凝ってます,end,150,0
Q8,結構あります,end,150,0
Q8,あります,end,150,0
Q8,いいえ,end,105,0
Q8,それはないです,end,105,0
Q8,それはない,end,105,0
Q8,ありません,end,105,0
Q8,ないです,end,105,0
Q8,少しだけ,end,105,0
Q8,ちょっとだけ,end,105,0
Q8,そんなにありません,end,105,0
Q8,そこまでない,end,105,0
Q8,そこまではありません,end,105,0
Q8,大丈夫です,end,105,0
Q8,平気です,end,105,0
Q9,上の辺り,Q10,32,0
Q9,上の部分,Q10,32,0
Q9,上のへん,Q10,32,0
Q9,上の方,Q10,32,0
Q9,上部,Q10,32,0
Q9,上,Q10,32,0
Q9,下の辺り,Q15,32,0
Q9,下の部分,Q15,32,0
Q9,下のへん,Q15,32,0
Q9,下の方,Q15,32,0
Q9,下部,Q15,32,0
Q9,下,Q15,32,0
Q10,はい,Q11,66,0
Q10,そうですね,Q11,66,0
Q10,うん,Q11,66,0
Q10,そうですね,Q11,66,0
Q10,あります,Q11,66,0
Q10,ありそう,Q11,66,0
Q10,熱は出てます,Q11,66,0
Q10,熱はあります,Q11,66,0
Q10,発熱してます,Q11,66,0
Q10,熱っぽいです,Q11,66,0
Q10,いいえ,Q12,67,0
Q10,それはないです,Q12,67,0
Q10,それはない,Q12,67,0
Q10,ありません,Q12,67,0
Q10,ないです,Q12,67,0
Q10,熱はない,Q12,67,0
Q10,熱は出てない,Q12,67,0
Q10,熱は出ていない,Q12,67,0
Q10,発熱はない,Q12,67,0
Q10,発熱はしていない,Q12,67,0
Q10,平熱です,Q12,67,0
Q10,大丈夫です,Q12,67,0
Q10,平気です,Q12,67,0
Q11,はい,end,106,0
Q11,そうですね,end,106,0
Q11,うん,end,106,0
Q11,そうです,end,106,0
Q11,感じます,end,106,0
Q11,感じる,end,106,0
Q11,黄色いです,end,106,0
Q11,目だけ黄色いです,end,106,0
Q11,皮膚だけ黄色い,end,106,0
Q11,変わりました,end,106,0
Q11,少し変わったかも,end,106,0
Q11,そんな気がします,end,106,0
Q11,いいえ,end,152,0
Q11,それはないです,end,152,0
Q11,それはない,end,152,0
Q11,ありません,end,152,0
Q11,ないです,end,152,0
Q11,黄色くない,end,152,0
Q11,そんなことない,end,152,0
Q11,多分ないです,end,152,0
Q11,感じません,end,152,0
Q11,感じない,end,152,0
Q11,大丈夫です,end,152,0
Q11,変わりません,end,152,0
Q11,分かりません,end,152,0
Q11,分からない,end,152,0
Q11,分からん,end,152,0
Q12,はい,end,106,0
Q12,そうですね,end,106,0
Q12,うん,end,106,0
Q12,そうです,end,106,0
Q12,出た,end,106,0
Q12,出ます,end,106,0
Q12,出ました,end,106,0
Q12,あります,end,106,0
Q12,あるかも,end,106,0
Q12,いいえ,Q13,68,0
Q12,それはないです,Q13,68,0
Q12,それはない,Q13,68,0
Q12,出ません,Q13,68,0
Q12,出ない,Q13,68,0
Q12,ありません,Q13,68,0
Q12,ないです,Q13,68,0
Q12,ない,Q13,68,0
Q12,覚えてない,Q13,68,0
Q12,分かりません,Q13,68,0
Q12,分からない,Q13,68,0
Q12,分からん,Q13,68,0
Q13,はい,end,106,0
Q13,そうですね,end,106,0
Q13,うん,end,106,0
Q13,そうです,end,106,0
Q13,あります,end,106,0
Q13,ありました,end,106,0
Q13,出ます,end,106,0
Q13,吐いた,end,106,0
Q13,吐きました,end,106,0
Q13,いいえ,Q14,69,0
Q13,それはないです,Q14,69,0
Q13,それはない,Q14,69,0
Q13,ありません,Q14,69,0
Q13,ないです,Q14,69,0
Q13,出ません,Q14,69,0
Q13,出ないです,Q14,69,0
Q13,大丈夫です,Q14,69,0
Q13,平気です,Q14,69,0
Q14,はい,end,150,0
Q14,そうですね,end,150,0
Q14,うん,end,150,0
Q14,そうです,end,150,0
Q14,あります,end,150,0
Q14,ぶつけました,end,150,0
Q14,ぶつけた,end,150,0
Q14,いいえ,end,106,0
Q14,それはないです,end,106,0
Q14,それはない,end,106,0
Q14,ありません,end,106,0
Q14,ないです,end,106,0
Q14,ぶつけてません,end,106,0
Q14,ぶつけてない,end,106,0
Q14,記憶にない,end,106,0
Q14,覚えてない,end,106,0
Q14,覚えてません,end,106,0
Q14,分かりません,end,106,0
Q14,分からない,end,106,0
Q14,分からん,end,106,0
Q15,はい,end,152,0
Q15,そうですね,end,152,0
Q15,うん,end,152,0
Q15,そうですね,end,152,0
Q15,あります,end,152,0
Q15,あるかも,end,152,0
Q15,熱は出てます,end,152,0
Q15,熱はあります,end,152,0
Q15,発熱してます,end,152,0
Q15,熱っぽいです,end,152,0
Q15,いいえ,Q16,153,0
Q15,それはないです,Q16,153,0
Q15,それはない,Q16,153,0
Q15,ありません,Q16,153,0
Q15,ないです,Q16,153,0
Q15,熱はない,Q16,153,0
Q15,熱は出てない,Q16,153,0
Q15,熱は出ていない,Q16,153,0
Q15,平熱です,Q16,153,0
Q15,発熱はない,Q16,153,0
Q15,発熱はしていない,Q16,153,0
Q15,大丈夫です,Q16,153,0
Q15,平気です,Q16,153,0
Q16,はい,end,106,0
Q16,そうですね,end,106,0
Q16,うん,end,106,0
Q16,そうです,end,106,0
Q16,あります,end,106,0
Q16,混じってます,end,106,0
Q16,混ざってます,end,106,0
Q16,いいえ,Q17,69,0
Q16,それはないです,Q17,69,0
Q16,それはない,Q17,69,0
Q16,ありません,Q17,69,0
Q16,混じってません,Q17,69,0
Q16,混ざってません,Q17,69,0
Q16,大丈夫です,Q17,69,0
Q16,変わりません,Q17,69,0
Q16,分かりません,Q17,69,0
Q16,分からない,Q17,69,0
Q16,分からん,Q17,69,0
Q17,はい,end,150,0
Q17,そうですね,end,150,0
Q17,うん,end,150,0
Q17,そうです,end,150,0
Q17,あります,end,150,0
Q17,ぶつけました,end,150,0
Q17,いいえ,end,152,0
Q17,それはないです,end,152,0
Q17,それはない,end,152,0
Q17,ありません,end,152,0
Q17,ないです,end,152,0
Q17,ぶつけてません,end,152,0
Q17,分かりません,end,152,0
Q17,分からない,end,152,0
Q17,分からん,end,152,0
Q17,覚えてません,end,152,0
Q17,記憶にない,end,152,0
Q18,はい,Q19,32,0
Q18,そうですね,Q19,32,0
Q18,うん,Q19,32,0
Q18,そうです,Q19,32,0
Q18,出ます,Q19,32,0
Q18,出る,Q19,32,0
Q18,ゴホゴホします,Q19,32,0
Q18,痰が出ます,Q19,32,0
Q18,咳してます,Q19,32,0
Q18,いいえ,Q21,71,0
Q18,それはないです,Q21,71,0
Q18,それはない,Q21,71,0
Q18,ないです,Q21,71,0
Q18,出ません,Q21,71,0
Q18,出ない,Q21,71,0
Q18,出ないです,Q21,71,0
Q18,咳してません,Q21,71,0
Q18,大丈夫です,Q21,71,0
Q18,平気です,Q21,71,0
Q19,はい,end,108,0
Q19,そうですね,end,108,0
Q19,うん,end,108,0
Q19,そうですね,end,108,0
Q19,あります,end,108,0
Q19,ありそう,end,108,0
Q19,熱は出てます,end,108,0
Q19,熱はあります,end,108,0
Q19,発熱してます,end,108,0
Q19,熱っぽいです,end,108,0
Q19,いいえ,Q20,70,0
Q19,それはないです,Q20,70,0
Q19,それはない,Q20,70,0
Q19,ありません,Q20,70,0
Q19,ないです,Q20,70,0
Q19,熱はない,Q20,70,0
Q19,熱は出てない,Q20,70,0
Q19,熱は出ていない,Q20,70,0
Q19,発熱はない,Q20,70,0
Q19,発熱はしていない,Q20,70,0
Q19,平熱です,Q20,70,0
Q19,大丈夫です,Q20,70,0
Q19,平気です,Q20,70,0
Q20,はい,end,108,0
Q20,そうですね,end,108,0
Q20,うん,end,108,0
Q20,そうです,end,108,0
Q20,ひどくなります,end,108,0
Q20,なります,end,108,0
Q20,あります,end,108,0
Q20,出ます,end,108,0
Q20,出る,end,108,0
Q20,いいえ,end,108,0
Q20,それはないです,end,108,0
Q20,それはない,end,108,0
Q20,なりません,end,108,0
Q20,昼間の方がひどいです,end,108,0
Q20,ひどくなりません,end,108,0
Q20,出ない,end,108,0
Q20,出ません,end,108,0
Q20,ありません,end,108,0
Q20,大丈夫です,end,108,0
Q20,平気です,end,108,0
Q20,分かりません,end,108,0
Q20,分からない,end,108,0
Q20,分からん,end,108,0
Q21,はい,end,150,0
Q21,そうですね,end,150,0
Q21,うん,end,150,0
Q21,そうです,end,150,0
Q21,あります,end,150,0
Q21,ぶつけました,end,150,0
Q21,いいえ,Q22,72,0
Q21,それはないです,Q22,72,0
Q21,それはない,Q22,72,0
Q21,ありません,Q22,72,0
Q21,ないです,Q22,72,0
Q21,ぶつけてません,Q22,72,0
Q21,分かりません,Q22,72,0
Q21,分からない,Q22,72,0
Q21,分からん,Q22,72,0
Q21,覚えていません,Q22,72,0
Q21,記憶にない,Q22,72,0
Q22,はい,end,107,0
Q22,そうですね,end,107,0
Q22,うん,end,107,0
Q22,そうです,end,107,0
Q22,増します,end,107,0
Q22,痛みます,end,107,0
Q22,痛いです,end,107,0
Q22,強くなる,end,107,0
Q22,強くなります,end,107,0
Q22,強まります,end,107,0
Q22,なります,end,107,0
Q22,いいえ,end,107,0
Q22,それはないです,end,107,0
Q22,それはない,end,107,0
Q22,ないです,end,107,0
Q22,増しません,end,107,0
Q22,痛みません,end,107,0
Q22,痛くないです,end,107,0
Q22,強くならない,end,107,0
Q22,大丈夫です,end,107,0
Q22,平気です,end,107,0
Q22,運動しない,end,107,0
Q22,運動しません,end,107,0
Q22,分かりません,end,107,0
Q22,分からない,end,107,0
Q22,分からん,end,107,0
Q23,はい,end,111,0
Q23,そうですね,end,111,0
Q23,うん,end,111,0
Q23,そうです,end,111,0
Q23,痛いです,end,111,0
Q23,痛みます,end,111,0
Q23,いいえ,Q24,75,0
Q23,それはないです,Q24,75,0
Q23,それはない,Q24,75,0
Q23,そんなことはありません,Q24,75,0
Q23,そんなことはない,Q24,75,0
Q23,痛くないです,Q24,75,0
Q23,痛みません,Q24,75,0
Q23,おしっこの時は大丈夫,Q24,75,0
Q23,大丈夫です,Q24,75,0
Q23,平気です,Q24,75,0
Q24,はい,end,116,0
Q24,そうですね,end,116,0
Q24,うん,end,116,0
Q24,そうです,end,116,0
Q24,痒いです,end,116,0
Q24,掻いちゃう,end,116,0
Q24,掻いてしまいます,end,116,0
Q24,痛いです,end,116,0
Q24,痛みます,end,116,0
Q24,どちらもあります,end,116,0
Q24,どっちもあります,end,116,0
Q24,両方あります,end,116,0
Q24,いいえ,Q25,78,0
Q24,それはないです,Q25,78,0
Q24,それはない,Q25,78,0
Q24,ないです,Q25,78,0
Q24,痒くないです,Q25,78,0
Q24,痛くないです,Q25,78,0
Q24,痛みません,Q25,78,0
Q24,どっちもない,Q25,78,0
Q24,どちらもない,Q25,78,0
Q24,大丈夫です,Q25,78,0
Q24,平気です,Q25,78,0
Q25,はい,end,106,0
Q25,そうですね,end,106,0
Q25,うん,end,106,0
Q25,そうです,end,106,0
Q25,胸焼けします,end,106,0
Q25,します,end,106,0
Q25,してます,end,106,0
Q25,いいえ,Q26,32,0
Q25,そんなことはありません,Q26,32,0
Q25,そんなことはない,Q26,32,0
Q25,それはないです,Q26,32,0
Q25,それはない,Q26,32,0
Q25,してません,Q26,32,0
Q25,しません,Q26,32,0
Q25,大丈夫です,Q26,32,0
Q25,平気です,Q26,32,0
Q26,はい,end,108,0
Q26,そうですね,end,108,0
Q26,うん,end,108,0
Q26,そうですね,end,108,0
Q26,あります,end,108,0
Q26,ありそう,end,108,0
Q26,熱は出てます,end,108,0
Q26,熱はあります,end,108,0
Q26,発熱してます,end,108,0
Q26,熱っぽい,end,108,0
Q26,いいえ,end,151,0
Q26,それはないです,end,151,0
Q26,それはない,end,151,0
Q26,ありません,end,151,0
Q26,ないです,end,151,0
Q26,熱はない,end,151,0
Q26,熱は出てない,end,151,0
Q26,熱は出ていない,end,151,0
Q26,発熱はない,end,151,0
Q26,発熱はしていない,end,151,0
Q26,平熱です,end,151,0
Q26,大丈夫です,end,151,0
Q26,平気です,end,151,0
Q27,はい,end,108,0
Q27,そうですね,end,108,0
Q27,うん,end,108,0
Q27,そうですね,end,108,0
Q27,あります,end,108,0
Q27,ありそう,end,108,0
Q27,熱は出てます,end,108,0
Q27,熱はあります,end,108,0
Q27,発熱してます,end,108,0
Q27,熱っぽい,end,108,0
Q27,いいえ,Q28,79,0
Q27,それはないです,Q28,79,0
Q27,それはない,Q28,79,0
Q27,ありません,Q28,79,0
Q27,ないです,Q28,79,0
Q27,熱はない,Q28,79,0
Q27,熱は出てない,Q28,79,0
Q27,熱は出ていない,Q28,79,0
Q27,発熱はない,Q28,79,0
Q27,発熱はしていない,Q28,79,0
Q27,平熱です,Q28,79,0
Q27,大丈夫です,Q28,79,0
Q27,平気です,Q28,79,0
Q28,はい,end,108,0
Q28,そうですね,end,108,0
Q28,うん,end,108,0
Q28,そうです,end,108,0
Q28,吸っています,end,108,0
Q28,吸っていました,end,108,0
Q28,吸ってる,end,108,0
Q28,吸います,end,108,0
Q28,いいえ,Q29,80,0
Q28,それはないです,Q29,80,0
Q28,それはない,Q29,80,0
Q28,ないです,Q29,80,0
Q28,吸ってません,Q29,80,0
Q28,吸っていません,Q29,80,0
Q28,吸ったことないです,Q29,80,0
Q28,吸ってない,Q29,80,0
Q28,吸わない,Q29,80,0
Q29,はい,end,108,0
Q29,そうですね,end,108,0
Q29,うん,end,108,0
Q29,そうです,end,108,0
Q29,正常です,end,108,0
Q29,大丈夫です,end,108,0
Q29,ありません,end,108,0
Q29,ないです,end,108,0
Q29,異常はないです,end,108,0
Q29,分かりません,end,108,0
Q29,分からない,end,108,0
Q29,分からん,end,108,0
Q29,いいえ,end,107,0
Q29,それはないです,end,107,0
Q29,それはない,end,107,0
Q29,正常でないです,end,107,0
Q29,正常じゃありません,end,107,0
Q29,おかしい,end,107,0
Q29,異常です,end,107,0
Q30,はい,Q31,82,0
Q30,そうですね,Q31,82,0
Q30,うん,Q31,82,0
Q30,そうです,Q31,82,0
Q30,喋りにくいです,Q31,82,0
Q30,喋れません,Q31,82,0
Q30,感じます,Q31,82,0
Q30,話せません,Q31,82,0
Q30,話せない,Q31,82,0
Q30,あるかも,Q31,82,0
Q30,あります,Q31,82,0
Q30,いいえ,Q32,83,0
Q30,それはないです,Q32,83,0
Q30,それはない,Q32,83,0
Q30,ないです,Q32,83,0
Q30,そんなことはありません,Q32,83,0
Q30,そんなことはないです,Q32,83,0
Q30,喋りにくくないです,Q32,83,0
Q30,喋れます,Q32,83,0
Q30,話せます,Q32,83,0
Q30,大丈夫です,Q32,83,0
Q30,平気です,Q32,83,0
Q30,感じません,Q32,83,0
Q31,はい,end,109,0
Q31,そうですね,end,109,0
Q31,うん,end,109,0
Q31,そうです,end,109,0
Q31,震えます,end,109,0
Q31,あります,end,109,0
Q31,いいえ,end,109,0
Q31,それはないです,end,109,0
Q31,それはない,end,109,0
Q31,ありません,end,109,0
Q31,震えません,end,109,0
Q31,震えてない,end,109,0
Q31,大丈夫です,end,109,0
Q31,平気です,end,109,0
Q32,はい,end,112,0
Q32,そうですね,end,112,0
Q32,うん,end,112,0
Q32,そうです,end,112,0
Q32,あります,end,112,0
Q32,乾きます,end,112,0
Q32,乾いてます,end,112,0
Q32,乾いたりします,end,112,0
Q32,いいえ,Q33,44,0
Q32,それはないです,Q33,44,0
Q32,それはない,Q33,44,0
Q32,ありません,Q33,44,0
Q32,ないです,Q33,44,0
Q32,乾きません,Q33,44,0
Q32,乾いたりはしません,Q33,44,0
Q32,乾くことはないです,Q33,44,0
Q32,大丈夫です,Q33,44,0
Q32,平気です,Q33,44,0
Q32,分かりません,Q33,44,0
Q32,分からない,Q33,44,0
Q32,分からん,Q33,44,0
Q33,はい,end,113,0
Q33,そうですね,end,113,0
Q33,うん,end,113,0
Q33,そうです,end,113,0
Q33,痛いです,end,113,0
Q33,痛みます,end,113,0
Q33,いいえ,end,151,0
Q33,それはないです,end,151,0
Q33,それはない,end,151,0
Q33,ないです,end,151,0
Q33,痛くないです,end,151,0
Q33,痛みません,end,151,0
Q33,大丈夫です,end,151,0
Q33,平気です,end,151,0
Q34,はい,Q35,18,0
Q34,そうですね,Q35,18,0
Q34,うん,Q35,18,0
Q34,そうですね,Q35,18,0
Q34,あります,Q35,18,0
Q34,ありそう,Q35,18,0
Q34,熱は出てます,Q35,18,0
Q34,熱はあります,Q35,18,0
Q34,発熱してます,Q35,18,0
Q34,熱っぽいです,Q35,18,0
Q34,いいえ,Q36,70,0
Q34,それはないです,Q36,70,0
Q34,それはない,Q36,70,0
Q34,ありません,Q36,70,0
Q34,ないです,Q36,70,0
Q34,熱はない,Q36,70,0
Q34,熱は出てない,Q36,70,0
Q34,熱は出ていない,Q36,70,0
Q34,発熱はない,Q36,70,0
Q34,発熱はしていない,Q36,70,0
Q34,平熱です,Q36,70,0
Q34,大丈夫です,Q36,70,0
Q34,平気です,Q36,70,0
Q35,はい,end,108,0
Q35,そうですね,end,108,0
Q35,うん,end,108,0
Q35,そうです,end,108,0
Q35,痛いです,end,108,0
Q35,痛みます,end,108,0
Q35,いいえ,end,105,0
Q35,それはないです,end,105,0
Q35,それはない,end,105,0
Q35,ないです,end,105,0
Q35,痛みません,end,105,0
Q35,痛くないです,end,105,0
Q35,大丈夫です,end,105,0
Q35,平気です,end,105,0
Q36,はい,end,108,0
Q36,そうですね,end,108,0
Q36,うん,end,108,0
Q36,そうです,end,108,0
Q36,ひどくなります,end,108,0
Q36,なります,end,108,0
Q36,ひどいです,end,108,0
Q36,出ます,end,108,0
Q36,いいえ,end,108,0
Q36,それはないです,end,108,0
Q36,それはない,end,108,0
Q36,なりません,end,108,0
Q36,昼間の方がひどいです,end,108,0
Q36,ひどくなりません,end,108,0
Q36,大丈夫です,end,108,0
Q36,平気です,end,108,0
Q36,出ません,end,108,0
Q36,出ないと思う,end,108,0
Q36,出ない,end,108,0
Q36,分かりません,end,108,0
Q36,分からない,end,108,0
Q36,分からん,end,108,0
Q37,はい,end,106,0
Q37,そうですね,end,106,0
Q37,うん,end,106,0
Q37,そうです,end,106,0
Q37,あります,end,106,0
Q37,します,end,106,0
Q37,出ます,end,106,0
Q37,吐きます,end,106,0
Q37,吐いた,end,106,0
Q37,吐きました,end,106,0
Q37,いいえ,Q38,18,0
Q37,それはないです,Q38,18,0
Q37,それはない,Q38,18,0
Q37,ありません,Q38,18,0
Q37,ないです,Q38,18,0
Q37,出ません,Q38,18,0
Q37,吐きません,Q38,18,0
Q37,吐かない,Q38,18,0
Q37,吐かないです,Q38,18,0
Q37,しません,Q38,18,0
Q37,大丈夫です,Q38,18,0
Q37,平気です,Q38,18,0
Q38,はい,Q39,32,0
Q38,そうですね,Q39,32,0
Q38,うん,Q39,32,0
Q38,そうです,Q39,32,0
Q38,痛いです,Q39,32,0
Q38,痛みます,Q39,32,0
Q38,いいえ,end,106,0
Q38,それはないです,end,106,0
Q38,それはない,end,106,0
Q38,ないです,end,106,0
Q38,痛くないです,end,106,0
Q38,痛みません,end,106,0
Q38,大丈夫です,end,106,0
Q38,平気です,end,106,0
Q39,はい,end,108,0
Q39,そうですね,end,108,0
Q39,うん,end,108,0
Q39,そうですね,end,108,0
Q39,あります,end,108,0
Q39,あるかも,end,108,0
Q39,熱は出てます,end,108,0
Q39,熱はあります,end,108,0
Q39,発熱してます,end,108,0
Q39,熱っぽいです,end,108,0
Q39,いいえ,end,107,0
Q39,それはないです,end,107,0
Q39,それはない,end,107,0
Q39,ありません,end,107,0
Q39,ないです,end,107,0
Q39,熱はない,end,107,0
Q39,熱は出てない,end,107,0
Q39,熱は出ていない,end,107,0
Q39,発熱はない,end,107,0
Q39,発熱はしていない,end,107,0
Q39,平熱です,end,107,0
Q39,大丈夫です,end,107,0
Q39,平気です,end,107,0
Q1_exp,頭が痛い,Q2,103,0
Q1_exp,頭痛がする,Q2,103,0
Q1_exp,こめかみが痛い,Q2,103,0
Q1_exp,後頭部が痛い,Q2,103,0
Q1_exp,頭部が痛い,Q2,103,0
Q1_exp,頭がズキズキする,Q2,103,0
Q1_exp,こめかみがズキズキする,Q2,103,0
Q1_exp,頭に違和感がある,Q2,103,0
Q1_exp,頭がいてえ,Q2,103,0
Q1_exp,こめかみがいてえ,Q2,103,0
Q1_exp,お腹が痛い,Q9,21,0
Q1_exp,腹が痛い,Q9,21,0
Q1_exp,腹痛がする,Q9,21,0
Q1_exp,はらが痛い,Q9,21,0
Q1_exp,腹部が痛い,Q9,21,0
Q1_exp,横っ腹が痛い,Q9,21,0
Q1_exp,胃が痛い,Q9,21,0
Q1_exp,へその辺りが痛い,Q9,21,0
Q1_exp,みぞおちが痛む,Q9,21,0
Q1_exp,お腹がいてえ,Q9,21,0
Q1_exp,はらがいてえ,Q9,21,0
Q1_exp,お腹に違和感がある,Q9,21,0
Q1_exp,お腹が腫れている,Q9,21,0
Q1_exp,胸が痛い,Q18,42,0
Q1_exp,心臓が痛い,Q18,42,0
Q1_exp,胸部が痛い,Q18,42,0
Q1_exp,肺が痛い,Q18,42,0
Q1_exp,心臓が締め付けられる,Q18,42,0
Q1_exp,胸に違和感がある,Q18,42,0
Q1_exp,心臓に違和感がある,Q18,42,0
Q1_exp,背中が痛い,Q23,74,0
Q1_exp,後ろが痛い,Q23,74,0
Q1_exp,背中がズキズキする,Q23,74,0
Q1_exp,後ろがズキズキする,Q23,74,0
Q1_exp,背中に痛みがある,Q23,74,0
Q1_exp,後ろに痛みがある,Q23,74,0
Q1_exp,背中に違和感,Q23,74,0
Q1_exp,後ろに違和感,Q23,74,0
Q1_exp,背中が腫れている,Q23,74,0
Q1_exp,後ろが腫れている,Q23,74,0
Q1_exp,呼吸困難,Q27,32,0
Q1_exp,息切れがする,Q27,32,0
Q1_exp,息が苦しい,Q27,32,0
Q1_exp,呼吸がし辛い,Q27,32,0
Q1_exp,ゼーゼーする,Q27,32,0
Q1_exp,息がし辛い,Q27,32,0
Q1_exp,呼吸が難しい,Q27,32,0
Q1_exp,息が難しい,Q27,32,0
Q1_exp,手足が痺れる,Q30,84,0
Q1_exp,手が痺れる,Q30,84,0
Q1_exp,足が痺れる,Q30,84,0
Q1_exp,手が動かない,Q30,84,0
Q1_exp,足が動かない,Q30,84,0
Q1_exp,手が動かん,Q30,84,0
Q1_exp,足が動かん,Q30,84,0
Q1_exp,指が痺れる,Q30,84,0
Q1_exp,手の甲が痛い,Q30,84,0
Q1_exp,指が痛い,Q30,84,0
Q1_exp,足首が痛い,Q30,84,0
Q1_exp,足の裏が痛い,Q30,84,0
Q1_exp,すねが痛い,Q30,84,0
Q1_exp,足の先が痛い,Q30,84,0
Q1_exp,足の裏が痺れる,Q30,84,0
Q1_exp,手がズキズキする,Q30,84,0
Q1_exp,足がズキズキする,Q30,84,0
Q1_exp,手足がズキズキする,Q30,84,0
Q1_exp,手足に違和感がある,Q30,84,0
Q1_exp,咳が出る,Q34,32,0
Q1_exp,ゴホゴホする,Q34,32,0
Q1_exp,痰が出る,Q34,32,0
Q1_exp,咳をする,Q34,32,0
Q1_exp,コンコンする,Q34,32,0
Q1_exp,咳が止まらない,Q34,32,0
Q1_exp,咳が止まらん,Q34,32,0
Q1_exp,胸焼けがする,Q37,68,0
Q1_exp,胃がムカムカする,Q37,68,0